Date,"Canada CPI, All Items"
2021-01-14,6
2021-02-14,6
2021-03-14,6
2021-04-14,6
2021-05-14,5.9
2021-06-14,6
2021-07-14,5.9
2021-08-14,6
2021-09-14,6
2021-10-14,6.1
2021-11-14,6.1
2021-12-14,6.1
2021-01-15,6.1
2021-02-15,6.1
2021-03-15,6.1
2021-04-15,6.1
2021-05-15,6.1
2021-06-15,6.1
2021-07-15,6.1
2021-08-15,6.1
2021-09-15,6.1
2021-10-15,6.1
2021-11-15,6.3
2021-12-15,6.3
2021-01-16,6.4
2021-02-16,6.5
2021-03-16,6.5
2021-04-16,6.5
2021-05-16,6.5
2021-06-16,6.6
2021-07-16,6.6
2021-08-16,6.6
2021-09-16,6.8
2021-10-16,6.9
2021-11-16,7.1
2021-12-16,7.2
2021-01-17,7.4
2021-02-17,7.4
2021-03-17,7.6
2021-04-17,7.6
2021-05-17,7.9
2021-06-17,8
2021-07-17,8
2021-08-17,8
2021-09-17,8
2021-10-17,8.2
2021-11-17,8.2
2021-12-17,8.3
2021-01-18,8.4
2021-02-18,8.5
2021-03-18,8.6
2021-04-18,8.6
2021-05-18,8.7
2021-06-18,8.8
2021-07-18,8.9
2021-08-18,9.2
2021-09-18,9.2
2021-10-18,9.3
2021-11-18,9.4
2021-12-18,9.4
2021-01-19,9.5
2021-02-19,9.4
2021-03-19,9.4
2021-04-19,9.4
2021-05-19,9.7
2021-06-19,9.7
2021-07-19,9.8
2021-08-19,10
2021-09-19,10
2021-10-19,10
2021-11-19,10.1
2021-12-19,10.2
2021-01-20,10.6
2021-02-20,10.8
2021-03-20,11.2
2021-04-20,11.3
2021-05-20,11.6
2021-06-20,11.8
2021-07-20,11.8
2021-08-20,11.7
2021-09-20,11.5
2021-10-20,11.5
2021-11-20,11.3
2021-12-20,11.2
2021-01-21,11
2021-02-21,10.8
2021-03-21,10.5
2021-04-21,10.2
2021-05-21,10
2021-06-21,9.7
2021-07-21,9.7
2021-08-21,9.7
2021-09-21,9.7
2021-10-21,9.7
2021-11-21,9.4
2021-12-21,9.4
2021-01-22,9.4
2021-02-22,9.3
2021-03-22,9.2
2021-04-22,9.2
2021-05-22,9.1
2021-06-22,9.1
2021-07-22,9.1
2021-08-22,9.2
2021-09-22,9.2
2021-10-22,9.2
2021-11-22,9.2
2021-12-22,9.2
2021-01-23,9.2
2021-02-23,9.2
2021-03-23,9.3
2021-04-23,9.2
2021-05-23,9.2
2021-06-23,9.2
2021-07-23,9.1
2021-08-23,9.2
2021-09-23,9.2
2021-10-23,9.2
2021-11-23,9.2
2021-12-23,9.2
2021-01-24,9.2
2021-02-24,9.2
2021-03-24,9.2
2021-04-24,9
2021-05-24,8.9
2021-06-24,8.8
2021-07-24,8.8
2021-08-24,9
2021-09-24,9
2021-10-24,9
2021-11-24,9.1
2021-12-24,9.1
2021-01-25,9.2
2021-02-25,9.2
2021-03-25,9.2
2021-04-25,9.1
2021-05-25,9
2021-06-25,9
2021-07-25,9
2021-08-25,9.1
2021-09-25,9.1
2021-10-25,9.2
2021-11-25,9.2
2021-12-25,9.3
2021-01-26,9.2
2021-02-26,9.2
2021-03-26,9.2
2021-04-26,9.2
2021-05-26,9.2
2021-06-26,9.2
2021-07-26,9.2
2021-08-26,9.2
2021-09-26,9.2
2021-10-26,9.2
2021-11-26,9.2
2021-12-26,9.2
2021-01-27,9.2
2021-02-27,9.2
2021-03-27,9.1
2021-04-27,9
2021-05-27,9
2021-06-27,9
2021-07-27,9.1
2021-08-27,9
2021-09-27,9
2021-10-27,9
2021-11-27,9.1
2021-12-27,9.1
2021-01-28,9.2
2021-02-28,9.2
2021-03-28,9.1
2021-04-28,9.1
2021-05-28,9
2021-06-28,9
2021-07-28,9
2021-08-28,9.2
2021-09-28,9.2
2021-10-28,9.2
2021-11-28,9.2
2021-12-28,9.2
2021-01-29,9.2
2029-02-01,9.2
2021-03-29,9.2
2021-04-29,9.1
2021-05-29,9.2
2021-06-29,9.2
2021-07-29,9.2
2021-08-29,9.2
2021-09-29,9.2
2021-10-29,9.3
2021-11-29,9.3
2021-12-29,9.4
2021-01-30,9.4
1930-02-01,9.4
2021-03-30,9.3
2021-04-30,9.2
2021-05-30,9.2
2021-06-30,9.2
2021-07-30,9.2
2021-08-30,9.2
2021-09-30,8.9
2021-10-30,8.9
2021-11-30,8.9
2021-12-30,8.8
2021-01-31,8.7
1931-02-01,8.6
2021-03-31,8.5
1931-04-01,8.4
2021-05-31,8.3
1931-06-01,8.2
2021-07-31,8.1
2021-08-31,8.2
1931-09-01,8.1
2021-10-31,7.9
1931-11-01,7.9
2021-12-31,7.9
1932-01-01,7.8
1932-02-01,7.6
1932-03-01,7.6
1932-04-01,7.6
1932-05-01,7.4
1932-06-01,7.4
1932-07-01,7.4
1932-08-01,7.4
1932-09-01,7.4
1932-10-01,7.3
1932-11-01,7.3
1932-12-01,7.3
1933-01-01,7.2
1933-02-01,7.2
1933-03-01,7.1
1933-04-01,7.1
1933-05-01,7.1
1933-06-01,7.1
1933-07-01,7.1
1933-08-01,7.2
1933-09-01,7.2
1933-10-01,7.1
1933-11-01,7.1
1933-12-01,7.1
1934-01-01,7.2
1934-02-01,7.2
1934-03-01,7.3
1934-04-01,7.3
1934-05-01,7.2
1934-06-01,7.2
1934-07-01,7.2
1934-08-01,7.2
1934-09-01,7.2
1934-10-01,7.2
1934-11-01,7.2
1934-12-01,7.2
1935-01-01,7.2
1935-02-01,7.2
1935-03-01,7.2
1935-04-01,7.2
1935-05-01,7.2
1935-06-01,7.2
1935-07-01,7.2
1935-08-01,7.2
1935-09-01,7.3
1935-10-01,7.3
1935-11-01,7.4
1935-12-01,7.4
1936-01-01,7.4
1936-02-01,7.4
1936-03-01,7.4
1936-04-01,7.3
1936-05-01,7.3
1936-06-01,7.3
1936-07-01,7.4
1936-08-01,7.4
1936-09-01,7.4
1936-10-01,7.5
1936-11-01,7.5
1936-12-01,7.5
1937-01-01,7.6
1937-02-01,7.6
1937-03-01,7.6
1937-04-01,7.6
1937-05-01,7.6
1937-06-01,7.6
1937-07-01,7.6
1937-08-01,7.7
1937-09-01,7.7
1937-10-01,7.8
1937-11-01,7.8
1937-12-01,7.8
1938-01-01,7.7
1938-02-01,7.7
1938-03-01,7.8
1938-04-01,7.8
1938-05-01,7.7
1938-06-01,7.7
1938-07-01,7.8
1938-08-01,7.8
1938-09-01,7.7
1938-10-01,7.6
1938-11-01,7.6
1938-12-01,7.6
1939-01-01,7.6
1939-02-01,7.6
1939-03-01,7.6
1939-04-01,7.6
1939-05-01,7.6
1939-06-01,7.6
1939-07-01,7.6
1939-08-01,7.6
1939-09-01,7.6
1939-10-01,7.8
1939-11-01,7.8
1939-12-01,7.8
1940-01-01,7.8
1940-02-01,7.8
1940-03-01,7.9
1940-04-01,7.9
1940-05-01,7.9
1940-06-01,7.9
1940-07-01,8
1940-08-01,8
1940-09-01,8.1
1940-10-01,8.1
1940-11-01,8.1
1940-12-01,8.2
1941-01-01,8.2
1941-02-01,8.2
1941-03-01,8.2
1941-04-01,8.2
1941-05-01,8.2
1941-06-01,8.4
1941-07-01,8.5
1941-08-01,8.6
1941-09-01,8.7
1941-10-01,8.7
1941-11-01,8.8
1941-12-01,8.7
1942-01-01,8.7
1942-02-01,8.7
1942-03-01,8.8
1942-04-01,8.8
1942-05-01,8.8
1942-06-01,8.8
1942-07-01,8.9
1942-08-01,8.9
1942-09-01,8.8
1942-10-01,8.9
1942-11-01,9
1942-12-01,9
1943-01-01,8.8
1943-02-01,8.8
1943-03-01,8.8
1943-04-01,9
1943-05-01,9
1943-06-01,9
1943-07-01,9.1
1943-08-01,9.1
1943-09-01,9.2
1943-10-01,9.2
1943-11-01,9.2
1943-12-01,9.2
1944-01-01,9.1
1944-02-01,9.1
1944-03-01,9.1
1944-04-01,9.1
1944-05-01,9.1
1944-06-01,9.1
1944-07-01,9.1
1944-08-01,9.1
1944-09-01,9.1
1944-10-01,9.1
1944-11-01,9.1
1944-12-01,9
1945-01-01,9
1945-02-01,9.1
1945-03-01,9.1
1945-04-01,9.1
1945-05-01,9.1
1945-06-01,9.2
1945-07-01,9.2
1945-08-01,9.2
1945-09-01,9.2
1945-10-01,9.2
1945-11-01,9.2
1945-12-01,9.2
1946-01-01,9.2
1946-02-01,9.2
1946-03-01,9.2
1946-04-01,9.2
1946-05-01,9.2
1946-06-01,9.4
1946-07-01,9.5
1946-08-01,9.6
1946-09-01,9.6
1946-10-01,9.7
1946-11-01,9.7
1946-12-01,9.7
1947-01-01,9.7
1947-02-01,9.7
1947-03-01,9.8
1947-04-01,9.9
1947-05-01,10.1
1947-06-01,10.2
1947-07-01,10.3
1947-08-01,10.3
1947-09-01,10.6
1947-10-01,10.8
1947-11-01,10.9
1947-12-01,11.1
1948-01-01,11.2
1948-02-01,11.4
1948-03-01,11.4
1948-04-01,11.5
1948-05-01,11.6
1948-06-01,11.8
1948-07-01,11.8
1948-08-01,11.9
1948-09-01,12.1
1948-10-01,12.1
1948-11-01,12.1
1948-12-01,12.1
1949-01-01,12.1
1949-02-01,12.1
1949-03-01,12.1
1949-04-01,12.1
1949-05-01,12.1
1949-06-01,12.1
1949-07-01,12.1
1949-08-01,12.2
1949-09-01,12.2
1949-10-01,12.3
1949-11-01,12.3
1949-12-01,12.2
1950-01-01,12.1
1950-02-01,12.2
1950-03-01,12.3
1950-04-01,12.3
1950-05-01,12.3
1950-06-01,12.3
1950-07-01,12.4
1950-08-01,12.5
1950-09-01,12.7
1950-10-01,12.9
1950-11-01,12.9
1950-12-01,12.9
1951-01-01,13
1951-02-01,13.3
1951-03-01,13.4
1951-04-01,13.6
1951-05-01,13.6
1951-06-01,13.9
1951-07-01,13.9
1951-08-01,14
1951-09-01,14.1
1951-10-01,14.2
1951-11-01,14.3
1951-12-01,14.3
1952-01-01,14.4
1952-02-01,14.3
1952-03-01,14.2
1952-04-01,14.2
1952-05-01,14.1
1952-06-01,14.1
1952-07-01,14.1
1952-08-01,14.1
1952-09-01,14.1
1952-10-01,14.1
1952-11-01,14.1
1952-12-01,14.1
1953-01-01,14.1
1953-02-01,14
1953-03-01,13.9
1953-04-01,13.9
1953-05-01,13.9
1953-06-01,13.9
1953-07-01,13.9
1953-08-01,14.1
1953-09-01,14.1
1953-10-01,14.2
1953-11-01,14.1
1953-12-01,14.1
1954-01-01,14.1
1954-02-01,14.1
1954-03-01,14
1954-04-01,14
1954-05-01,14
1954-06-01,14.1
1954-07-01,14.1
1954-08-01,14.2
1954-09-01,14.2
1954-10-01,14.2
1954-11-01,14.2
1954-12-01,14.1
1955-01-01,14.1
1955-02-01,14.1
1955-03-01,14.1
1955-04-01,14.1
1955-05-01,14.1
1955-06-01,14.1
1955-07-01,14.1
1955-08-01,14.1
1955-09-01,14.2
1955-10-01,14.2
1955-11-01,14.2
1955-12-01,14.2
1956-01-01,14.2
1956-02-01,14.1
1956-03-01,14.1
1956-04-01,14.1
1956-05-01,14.1
1956-06-01,14.3
1956-07-01,14.4
1956-08-01,14.5
1956-09-01,14.4
1956-10-01,14.5
1956-11-01,14.6
1956-12-01,14.6
1957-01-01,14.6
1957-02-01,14.6
1957-03-01,14.6
1957-04-01,14.7
1957-05-01,14.7
1957-06-01,14.8
1957-07-01,14.8
1957-08-01,14.9
1957-09-01,15
1957-10-01,15
1957-11-01,15
1957-12-01,14.9
1958-01-01,15
1958-02-01,15
1958-03-01,15.1
1958-04-01,15.1
1958-05-01,15.1
1958-06-01,15.1
1958-07-01,15.1
1958-08-01,15.1
1958-09-01,15.3
1958-10-01,15.3
1958-11-01,15.3
1958-12-01,15.3
1959-01-01,15.3
1959-02-01,15.3
1959-03-01,15.2
1959-04-01,15.2
1959-05-01,15.3
1959-06-01,15.1
1959-07-01,15.3
1959-08-01,15.3
1959-09-01,15.5
1959-10-01,15.5
1959-11-01,15.5
1959-12-01,15.5
1960-01-01,15.5
1960-02-01,15.5
1960-03-01,15.4
1960-04-01,15.5
1960-05-01,15.5
1960-06-01,15.5
1960-07-01,15.5
1960-08-01,15.5
1960-09-01,15.5
1960-10-01,15.7
1960-11-01,15.7
1960-12-01,15.7
1961-01-01,15.7
1961-02-01,15.7
1961-03-01,15.7
1961-04-01,15.7
1961-05-01,15.7
1961-06-01,15.7
1961-07-01,15.7
1961-08-01,15.7
1961-09-01,15.7
1961-10-01,15.7
1961-11-01,15.7
1961-12-01,15.7
1962-01-01,15.7
1962-02-01,15.7
1962-03-01,15.7
1962-04-01,15.8
1962-05-01,15.8
1962-06-01,15.9
1962-07-01,15.9
1962-08-01,16
1962-09-01,15.9
1962-10-01,16
1962-11-01,16
1962-12-01,16
1963-01-01,16
1963-02-01,16
1963-03-01,16
1963-04-01,16
1963-05-01,16
1963-06-01,16
1963-07-01,16.2
1963-08-01,16.3
1963-09-01,16.2
1963-10-01,16.2
1963-11-01,16.3
1963-12-01,16.3
1964-01-01,16.3
1964-02-01,16.3
1964-03-01,16.3
1964-04-01,16.4
1964-05-01,16.4
1964-06-01,16.4
1964-07-01,16.5
1964-08-01,16.5
1964-09-01,16.5
1964-10-01,16.5
1964-11-01,16.5
1964-12-01,16.6
1965-01-01,16.6
1965-02-01,16.6
1965-03-01,16.6
1965-04-01,16.7
1965-05-01,16.7
1965-06-01,16.9
1965-07-01,16.9
1965-08-01,16.9
1965-09-01,16.9
1965-10-01,16.9
1965-11-01,17
1965-12-01,17.1
1966-01-01,17.1
1966-02-01,17.2
1966-03-01,17.3
1966-04-01,17.4
1966-05-01,17.4
1966-06-01,17.5
1966-07-01,17.5
1966-08-01,17.6
1966-09-01,17.6
1966-10-01,17.6
1966-11-01,17.6
1966-12-01,17.7
1967-01-01,17.7
1967-02-01,17.7
1967-03-01,17.8
1967-04-01,17.9
1967-05-01,18
1967-06-01,18.1
1967-07-01,18.2
1967-08-01,18.3
1967-09-01,18.3
1967-10-01,18.3
1967-11-01,18.3
1967-12-01,18.4
1968-01-01,18.5
1968-02-01,18.5
1968-03-01,18.6
1968-04-01,18.6
1968-05-01,18.6
1968-06-01,18.7
1968-07-01,18.9
1968-08-01,19
1968-09-01,19
1968-10-01,19
1968-11-01,19.2
1968-12-01,19.2
1969-01-01,19.2
1969-02-01,19.2
1969-03-01,19.3
1969-04-01,19.6
1969-05-01,19.6
1969-06-01,19.7
1969-07-01,19.8
1969-08-01,19.9
1969-09-01,19.9
1969-10-01,19.9
1969-11-01,19.9
1969-12-01,20.1
1970-01-01,20.2
1970-02-01,20.2
1970-03-01,20.2
1970-04-01,20.3
1970-05-01,20.3
1970-06-01,20.3
1970-07-01,20.5
1970-08-01,20.5
1970-09-01,20.4
1970-10-01,20.4
1970-11-01,20.4
1970-12-01,20.3
1971-01-01,20.4
1971-02-01,20.5
1971-03-01,20.5
1971-04-01,20.7
1971-05-01,20.7
1971-06-01,20.8
1971-07-01,21
1971-08-01,21.2
1971-09-01,21.1
1971-10-01,21.2
1971-11-01,21.2
1971-12-01,21.3
1972-01-01,21.4
1972-02-01,21.5
1972-03-01,21.6
1972-04-01,21.7
1972-05-01,21.7
1972-06-01,21.7
1972-07-01,22
1972-08-01,22.2
1972-09-01,22.3
1972-10-01,22.3
1972-11-01,22.3
1972-12-01,22.4
1973-01-01,22.6
1973-02-01,22.8
1973-03-01,22.8
1973-04-01,23.1
1973-05-01,23.2
1973-06-01,23.4
1973-07-01,23.7
1973-08-01,24
1973-09-01,24.1
1973-10-01,24.2
1973-11-01,24.4
1973-12-01,24.5
1974-01-01,24.7
1974-02-01,24.9
1974-03-01,25.2
1974-04-01,25.4
1974-05-01,25.9
1974-06-01,26.1
1974-07-01,26.3
1974-08-01,26.6
1974-09-01,26.8
1974-10-01,27.1
1974-11-01,27.3
1974-12-01,27.6
1975-01-01,27.6
1975-02-01,27.9
1975-03-01,28
1975-04-01,28.2
1975-05-01,28.5
1975-06-01,28.8
1975-07-01,29.2
1975-08-01,29.5
1975-09-01,29.6
1975-10-01,29.8
1975-11-01,30.1
1975-12-01,30.2
1976-01-01,30.3
1976-02-01,30.5
1976-03-01,30.6
1976-04-01,30.7
1976-05-01,30.9
1976-06-01,31.1
1976-07-01,31.3
1976-08-01,31.3
1976-09-01,31.5
1976-10-01,31.7
1976-11-01,31.8
1976-12-01,31.9
1977-01-01,32.2
1977-02-01,32.4
1977-03-01,32.8
1977-04-01,33
1977-05-01,33.4
1977-06-01,33.5
1977-07-01,33.9
1977-08-01,33.9
1977-09-01,34.2
1977-10-01,34.5
1977-11-01,34.7
1977-12-01,34.9
1978-01-01,35.1
1978-02-01,35.4
1978-03-01,35.7
1978-04-01,35.8
1978-05-01,36.3
1978-06-01,36.6
1978-07-01,37.1
1978-08-01,37.2
1978-09-01,37.1
1978-10-01,37.6
1978-11-01,37.8
1978-12-01,37.9
1979-01-01,38.1
1979-02-01,38.6
1979-03-01,39
1979-04-01,39.3
1979-05-01,39.7
1979-06-01,39.9
1979-07-01,40.2
1979-08-01,40.3
1979-09-01,40.7
1979-10-01,41
1979-11-01,41.4
1979-12-01,41.6
1980-01-01,41.8
1980-02-01,42.3
1980-03-01,42.6
1980-04-01,42.9
1980-05-01,43.4
1980-06-01,43.9
1980-07-01,44.2
1980-08-01,44.7
1980-09-01,45
1980-10-01,45.4
1980-11-01,46
1980-12-01,46.2
1981-01-01,46.9
1981-02-01,47.4
1981-03-01,48
1981-04-01,48.3
1981-05-01,48.7
1981-06-01,49.5
1981-07-01,49.9
1981-08-01,50.3
1981-09-01,50.7
1981-10-01,51.2
1981-11-01,51.6
1981-12-01,51.8
1982-01-01,52.2
1982-02-01,52.8
1982-03-01,53.5
1982-04-01,53.8
1982-05-01,54.5
1982-06-01,55.1
1982-07-01,55.4
1982-08-01,55.6
1982-09-01,55.9
1982-10-01,56.3
1982-11-01,56.6
1982-12-01,56.6
1983-01-01,56.5
1983-02-01,56.8
1983-03-01,57.4
1983-04-01,57.4
1983-05-01,57.5
1983-06-01,58.1
1983-07-01,58.4
1983-08-01,58.7
1983-09-01,58.7
1983-10-01,59.1
1983-11-01,59.1
1983-12-01,59.2
1984-01-01,59.6
1984-02-01,59.9
1984-03-01,60
1984-04-01,60.2
1984-05-01,60.2
1984-06-01,60.6
1984-07-01,60.8
1984-08-01,60.8
1984-09-01,60.9
1984-10-01,61.1
1984-11-01,61.4
1984-12-01,61.4
1985-01-01,61.7
1985-02-01,62.1
1985-03-01,62.2
1985-04-01,62.5
1985-05-01,62.7
1985-06-01,63
1985-07-01,63.3
1985-08-01,63.3
1985-09-01,63.4
1985-10-01,63.6
1985-11-01,63.8
1985-12-01,64.1
1986-01-01,64.4
1986-02-01,64.7
1986-03-01,64.9
1986-04-01,64.9
1986-05-01,65.3
1986-06-01,65.4
1986-07-01,65.9
1986-08-01,66
1986-09-01,66
1986-10-01,66.4
1986-11-01,66.7
1986-12-01,66.8
1987-01-01,67
1987-02-01,67.3
1987-03-01,67.5
1987-04-01,67.9
1987-05-01,68.3
1987-06-01,68.5
1987-07-01,68.9
1987-08-01,69
1987-09-01,69
1987-10-01,69.2
1987-11-01,69.5
1987-12-01,69.6
1988-01-01,69.7
1988-02-01,70
1988-03-01,70.4
1988-04-01,70.6
1988-05-01,71
1988-06-01,71.2
1988-07-01,71.6
1988-08-01,71.7
1988-09-01,71.8
1988-10-01,72.2
1988-11-01,72.3
1988-12-01,72.3
1989-01-01,72.7
1989-02-01,73.2
1989-03-01,73.6
1989-04-01,73.8
1989-05-01,74.6
1989-06-01,74.9
1989-07-01,75.4
1989-08-01,75.5
1989-09-01,75.6
1989-10-01,75.9
1989-11-01,76.1
1989-12-01,76.1
1990-01-01,76.7
1990-02-01,77.2
1990-03-01,77.5
1990-04-01,77.5
1990-05-01,77.9
1990-06-01,78.2
1990-07-01,78.5
1990-08-01,78.6
1990-09-01,78.8
1990-10-01,79.5
1990-11-01,80
1990-12-01,79.9
1991-01-01,82
1991-02-01,82
1991-03-01,82.3
1991-04-01,82.3
1991-05-01,82.7
1991-06-01,83.1
1991-07-01,83.2
1991-08-01,83.3
1991-09-01,83.1
1991-10-01,83
1991-11-01,83.3
1991-12-01,82.9
1992-01-01,83.3
1992-02-01,83.3
1992-03-01,83.6
1992-04-01,83.7
1992-05-01,83.8
1992-06-01,84
1992-07-01,84.2
1992-08-01,84.2
1992-09-01,84.2
1992-10-01,84.3
1992-11-01,84.7
1992-12-01,84.7
1993-01-01,85
1993-02-01,85.3
1993-03-01,85.2
1993-04-01,85.2
1993-05-01,85.4
1993-06-01,85.4
1993-07-01,85.6
1993-08-01,85.7
1993-09-01,85.7
1993-10-01,85.9
1993-11-01,86.3
1993-12-01,86.1
1994-01-01,86.1
1994-02-01,85.4
1994-03-01,85.4
1994-04-01,85.4
1994-05-01,85.2
1994-06-01,85.4
1994-07-01,85.7
1994-08-01,85.8
1994-09-01,85.9
1994-10-01,85.7
1994-11-01,86.2
1994-12-01,86.3
1995-01-01,86.6
1995-02-01,87
1995-03-01,87.2
1995-04-01,87.5
1995-05-01,87.7
1995-06-01,87.7
1995-07-01,87.9
1995-08-01,87.7
1995-09-01,87.8
1995-10-01,87.7
1995-11-01,88
1995-12-01,87.8
1996-01-01,88
1996-02-01,88.1
1996-03-01,88.5
1996-04-01,88.7
1996-05-01,89
1996-06-01,89
1996-07-01,89
1996-08-01,89
1996-09-01,89.1
1996-10-01,89.3
1996-11-01,89.7
1996-12-01,89.7
1997-01-01,89.9
1997-02-01,90.1
1997-03-01,90.2
1997-04-01,90.2
1997-05-01,90.3
1997-06-01,90.5
1997-07-01,90.5
1997-08-01,90.6
1997-09-01,90.6
1997-10-01,90.6
1997-11-01,90.5
1997-12-01,90.4
1998-01-01,90.9
1998-02-01,91
1998-03-01,91.1
1998-04-01,91
1998-05-01,91.3
1998-06-01,91.4
1998-07-01,91.4
1998-08-01,91.4
1998-09-01,91.2
1998-10-01,91.6
1998-11-01,91.6
1998-12-01,91.3
1999-01-01,91.5
1999-02-01,91.6
1999-03-01,92
1999-04-01,92.5
1999-05-01,92.7
1999-06-01,92.9
1999-07-01,93.1
1999-08-01,93.3
1999-09-01,93.6
1999-10-01,93.7
1999-11-01,93.6
1999-12-01,93.7
2000-01-01,93.5
2000-02-01,94.1
2000-03-01,94.8
2000-04-01,94.5
2000-05-01,94.9
2000-06-01,95.5
2000-07-01,95.8
2000-08-01,95.7
2000-09-01,96.1
2000-10-01,96.3
2000-11-01,96.6
2000-12-01,96.7
2021-01-01,96.3
2021-02-01,96.8
2021-03-01,97.1
2021-04-01,97.8
2021-05-01,98.6
2021-06-01,98.7
2021-07-01,98.4
2021-08-01,98.4
2021-09-01,98.6
2021-10-01,98.1
2021-11-01,97.2
2021-12-01,97.4
2021-01-02,97.6
2021-02-02,98.2
2021-03-02,98.9
2021-04-02,99.5
2021-05-02,99.7
2021-06-02,99.9
2021-07-02,100.5
2021-08-02,100.9
2021-09-02,100.9
2021-10-02,101.2
2021-11-02,101.5
2021-12-02,101.1
2021-01-03,102
2021-02-03,102.8
2021-03-03,103.1
2021-04-03,102.4
2021-05-03,102.5
2021-06-03,102.5
2021-07-03,102.6
2021-08-03,102.9
2021-09-03,103.1
2021-10-03,102.8
2021-11-03,103.1
2021-12-03,103.2
2021-01-04,103.3
2021-02-04,103.5
2021-03-04,103.9
2021-04-04,104.1
2021-05-04,105
2021-06-04,105.1
2021-07-04,105
2021-08-04,104.8
2021-09-04,105
2021-10-04,105.2
2021-11-04,105.6
2021-12-04,105.4
2021-01-05,105.3
2021-02-05,105.7
2021-03-05,106.3
2021-04-05,106.6
2021-05-05,106.7
2021-06-05,106.9
2021-07-05,107.1
2021-08-05,107.5
2021-09-05,108.4
2021-10-05,107.9
2021-11-05,107.7
2021-12-05,107.6
2021-01-06,108.2
2021-02-06,108
2021-03-06,108.6
2021-04-06,109.2
2021-05-06,109.7
2021-06-06,109.5
2021-07-06,109.6
2021-08-06,109.8
2021-09-06,109.2
2021-10-06,109
2021-11-06,109.2
2021-12-06,109.4
2021-01-07,109.4
2021-02-07,110.2
2021-03-07,111.1
2021-04-07,111.6
2021-05-07,112.1
2021-06-07,111.9
2021-07-07,112
2021-08-07,111.7
2021-09-07,111.9
2021-10-07,111.6
2021-11-07,111.9
2021-12-07,112
2021-01-08,111.8
2021-02-08,112.2
2021-03-08,112.6
2021-04-08,113.5
2021-05-08,114.6
2021-06-08,115.4
2021-07-08,115.8
2021-08-08,115.6
2021-09-08,115.7
2021-10-08,114.5
2021-11-08,114.1
2021-12-08,113.3
2021-01-09,113
2021-02-09,113.8
2021-03-09,114
2021-04-09,113.9
2021-05-09,114.7
2021-06-09,115.1
2021-07-09,114.7
2021-08-09,114.7
2021-09-09,114.7
2021-10-09,114.6
2021-11-09,115.2
2021-12-09,114.8
2021-01-10,115.1
2021-02-10,115.6
2021-03-10,115.6
2021-04-10,116
2021-05-10,116.3
2021-06-10,116.2
2021-07-10,116.8
2021-08-10,116.7
2021-09-10,116.9
2021-10-10,117.4
2021-11-10,117.5
2021-12-10,117.5
2021-01-11,117.8
2021-02-11,118.1
2021-03-11,119.4
2021-04-11,119.8
2021-05-11,120.6
2021-06-11,119.8
2021-07-11,120
2021-08-11,120.3
2021-09-11,120.6
2021-10-11,120.8
2021-11-11,120.9
2021-12-11,120.2
2021-01-12,120.7
2021-02-12,121.2
2021-03-12,121.7
2021-04-12,122.2
2021-05-12,122.1
2021-06-12,121.6
2021-07-12,121.5
2021-08-12,121.8
2021-09-12,122
2021-10-12,122.2
2021-11-12,121.9
2021-12-12,121.2
2021-01-13,121.3
2021-02-13,122.7
2021-03-13,122.9
2021-04-13,122.7
2021-05-13,123
2021-06-13,123
2021-07-13,123.1
2021-08-13,123.1
2021-09-13,123.3
2021-10-13,123
2021-11-13,123
2021-12-13,122.7
2021-01-14,123.1
2021-02-14,124.1
2021-03-14,124.8
2021-04-14,125.2
2021-05-14,125.8
2021-06-14,125.9
2021-07-14,125.7
2021-08-14,125.7
2021-09-14,125.8
2021-10-14,125.9
2021-11-14,125.4
2021-12-14,124.5
2021-01-15,124.3
2021-02-15,125.4
2021-03-15,126.3
2021-04-15,126.2
2021-05-15,126.9
2021-06-15,127.2
2021-07-15,127.3
2021-08-15,127.3
2021-09-15,127.1
2021-10-15,127.2
2021-11-15,127.1
2021-12-15,126.5
2021-01-16,126.8
2021-02-16,127.1
2021-03-16,127.9
2021-04-16,128.3
2021-05-16,128.8
2021-06-16,129.1
2021-07-16,128.9
2021-08-16,128.7
2021-09-16,128.8
2021-10-16,129.1
2021-11-16,128.6
2021-12-16,128.4
2021-01-17,129.5
2021-02-17,129.7
2021-03-17,129.9
2021-04-17,130.4
2021-05-17,130.5
2021-06-17,130.4
2021-07-17,130.4
2021-08-17,130.5
2021-09-17,130.8
2021-10-17,130.9
2021-11-17,131.3
2021-12-17,130.8
2021-01-18,131.7
2021-02-18,132.5
2021-03-18,132.9
2021-04-18,133.3
2021-05-18,133.4
2021-06-18,133.6
2021-07-18,134.3
2021-08-18,134.2
2021-09-18,133.7
2021-10-18,134.1
2021-11-18,133.5
2021-12-18,133.4
2021-01-19,133.6
2021-02-19,134.5
2021-03-19,135.4
2021-04-19,136
2021-05-19,136.6
2021-06-19,136.3
2021-07-19,137
2021-08-19,136.8
2021-09-19,136.2
2021-10-19,136.6
2021-11-19,136.4
2021-12-19,136.4
2021-01-20,136.8
2021-02-20,137.4
2021-03-20,136.6
2021-04-20,135.7
2021-05-20,136.1
2021-06-20,137.2
2021-07-20,137.2
2021-08-20,137
2021-09-20,136.9
2021-10-20,137.5
2021-11-20,137.7
2021-12-20,137.4
2021-01-21,138.2
2021-02-21,138.9
2021-03-21,139.6
2021-04-21,140.3
2021-05-21,141
2021-06-21,141.4
2021-07-21,142.3
2021-08-21,142.6
2021-09-21,142.9
2021-10-21,143.9